11.563694656752814,-0.098381994705384862,0.26544747090890197,-0.03239241680712051,0.35148588560799504,-0.24699275691760988,-0.077319956230418346,-0.36815851903555707,-0.086575982082466044,-0.38029965012288897,-0.080417603058311124,-0.21531137061559572
11.593400772292302,0.083623675515907103,0.39820637004097892,-0.24176570178662865,0.022523686965464924,-0.26539288459890387,0.21120157688512536,-0.074800002326945933,0.083544716460916116,-0.25668574023311719,0.056240136221366546,0.0012089598331746563
11.526711051646529,-0.028832017561304567,0.41871919503067961,-0.017693680243692413,0.55943275445932616,-0.02477113587028722,0.25303039082282719,-0.28775942449147174,0.015161187778734422,-0.31783347405060186,0.02169285226429455,-0.14907039756370077
11.140294306280714,-0.34288897633214149,0.21567035371498372,-0.049071396002684751,0.14120045407346868,-0.37800044215091799,0.033681616706095693,-0.47032132350620637,-0.23763579003144275,-0.22373653185666492,0.074877288647514556,0.069975578184013149
11.242706770552308,-0.28854605166395769,0.29902891066209664,-0.10476939114224028,0.28423536881966266,-0.39617651971006185,-0.086619764826444276,-0.63239005855949049,-0.41836966379137147,-0.40873587867418104,-0.14299859613185073,-0.15040378891214018
11.137898752610772,-0.52331862684578012,0.31717137001599249,-0.062029599328127655,0.16762867906849124,-0.36656428543101749,-0.16008871761450225,-0.42367466437277956,-0.096705853807234218,-0.14897679528660235,-0.10928765578721938,-0.4768306846139076
11.17287636096138,-0.56153420991216496,0.24501333849596524,-0.24174507833082853,0.23627180135512488,-0.01542957856293886,0.058436760707909319,-0.41140884346493156,-0.29304137695194532,-0.49245669619838417,-0.22994469637353079,-0.37209185008033807
11.140405514151624,-0.36320588742697024,0.32625579328343968,0.011305232578107713,0.098445883246049193,-0.3703861799050987,-0.1999686549899177,-0.31350002350996042,0.15506580529612965,-0.23909585688733148,-0.080077194153980152,-0.099612579347368765
11.283783717518391,-0.035509873924613113,0.61483918614018451,0.17776296954545601,0.26779460926009935,-0.39803255625733175,-0.032528219004831417,-0.27499490761282613,0.083259647377700641,-0.37598284623589184,0.022074502694517863,-0.024367570319437339
11.469240357067772,0.0037123864943688972,0.53166341439035714,0.063086497722244311,0.60095660609464807,-0.061043144754429027,0.090230869198688876,-0.46344261799348513,-0.07206240256253843,-0.26967556889067884,-0.16183449936684841,-0.18596132862161407
11.637737434532621,-0.089220327029709584,0.29252506878538831,-0.15862376594958832,0.22073341644558583,-0.21357987271006604,0.06476513686067803,-0.36225028629938261,-0.072596379092913707,-0.30585542211905314,-0.033970326036249908,-0.11458631964162935
11.430431584670734,-0.6303441587914852,0.16253212086144997,0.21266275216607836,-0.085406935168340817,-0.20828401692180301,0.27205914400214282,-0.55925045110406391,0.19767603323909486,-0.10754316662272598,-0.16978141227187649,0.075509824547047633
11.523864696297675,-0.64969858128867342,-0.012089746392912427,0.1252733673529525,-0.27696570002935117,-0.41894536421279188,0.10289734272734963,-0.52230463281456263,0.13475619563921523,0.06836872181918692,0.0033626045474270624,0.042078725839275542
11.465272662350179,-0.22669507332204075,0.4697556704259902,0.18113687734419592,0.30187958968224499,-0.1761491514103474,0.26057272432434453,-0.073800256532574909,0.096859773644949507,-0.11521678828036928,-0.11234424476393035,-0.11120985155947825
11.512032810847002,-0.13987997002342697,0.64623301690653057,0.32514262531019167,0.51398212577651192,-0.21296688483910281,-0.010453623488073743,-0.27332298742146843,0.094442224569318917,-0.20882148986035146,-0.18028351399311685,-0.045540352914540595
11.186231050175723,-0.42217698534489545,0.46703898340242539,0.26864699721459423,0.49375783409388746,-0.11142214299060949,-0.035574913547951052,-0.49682574216421999,0.016036919512721345,-0.37614450391634829,-0.24720746552313461,-0.046858839988187351
11.577825073335122,-0.097321588793443201,0.38889706955787906,0.011914262093497835,0.60446428797497809,-0.30644053721144959,-0.2680979287070378,-0.38737122810328217,-0.1430972714837295,-0.48789361577903029,-0.23651031765411795,-0.079883935271052933
11.635082073472663,-0.14707726360265183,0.30253152386381366,0.10258939264859016,0.58315121616895216,-0.038001299258622771,0.22445742913059744,0.023886090690451531,0.26055508023946017,-0.37831003886536319,-0.15293386285160093,-0.074626196717408139
11.647952616830976,-0.1356334553149319,0.61423475590535714,0.02205698685443637,0.25450012343193484,0.002908038724879017,0.11338406612394325,-0.1146412065806643,-0.037318725675994653,-0.24873736526622198,-0.20570806458112528,-0.017163190018324132
11.632897611768076,-0.13265285562125245,0.47148687301748538,-0.010743052297498451,0.51158792394346275,0.082372335206990416,0.29754994821420588,-0.15594844275743158,-0.13246297211052346,-0.22636240539269506,-0.11501774603121762,-0.10328502526330026
11.530620003484403,-0.10430929497893951,0.52152611812450467,0.15842125890229408,0.36188792788947372,-0.12096075275685542,0.14487616901364167,-0.015269863187317862,0.10856634510182903,-0.32589700686200318,-0.059036311542861541,-0.059500215250340473
11.40587638233615,-0.38731452734561489,0.24521135469185459,0.1447849814616296,0.52991383011000537,-0.146805023545963,0.046069206343610579,-0.03885284468526657,0.25299336987487286,-0.19671056895318309,0.16524174734280214,0.15468052756080908
11.668620010041785,-0.35188937117826113,-0.15606727123763364,0.13851783619912267,0.66802665855029453,-0.49879342972935353,-0.37069425955882807,-0.22848327194027379,0.10510940293771941,-0.54964014433477937,-0.24967603811421513,0.13610068955614607
11.732501716122554,0.037204684375067305,0.2553626916017957,0.12450882803823841,0.6187820540957053,-0.42987761687425319,0.015134969421508881,-0.18288215976209429,0.13834705216970122,-0.26178929476533036,0.090971717374692215,0.12743181808553175
11.525310281723858,-0.15402625796004435,0.35941970836639769,0.14672605323733007,0.50669753940108109,-0.17392891938477278,0.13486457452334918,-0.34161635407771446,0.2302640284011149,0.087773658857040027,0.18434476262935848,0.031113814902499645
14.1524038961249,0.37945471535568714,0.64873674270011306,-0.13240653212635634,-0.58056116287664816,-0.64138788269869307,-0.7577534282738656,0.016707306366422561,-0.20111278395879653,-0.13183792829788521,-0.018456895881450289,-0.22536335488084847
16.25827032200116,0.40771786666265336,1.2613259351029911,0.30547248275221145,-1.6255173436109942,-1.0876131677427512,-1.3791286689870363,0.35666049233083236,-0.60674029308974387,-0.28540506592857073,-0.23222405812052155,-0.10122881325765606
16.083978606573272,0.47652766285385539,1.3315689936912594,0.64038715867907714,-1.7800727063818322,-1.3309263643508333,-1.1637236150777961,0.055260633904627023,-0.43515412387711361,0.026499832733671329,-0.27107965002016687,-0.29644527776837654
15.914300362005104,-0.14426635639062368,0.58594961127688305,0.18228535777211136,-1.6298145035579445,-1.1530913976470796,-0.82464392613614435,0.12600213766366419,-0.3563061741598671,0.32849203029912638,-0.44838179161067798,-0.35797050631465682
16.160064200566666,0.13494981288433885,0.88681856708434648,0.37615719519344037,-1.3076690733163137,-1.2173097935871655,-1.0748148935131547,0.49544924353839209,-0.27244263006728597,0.333225266395766,-0.096093611176519503,-0.12836507214742002
16.130241412896929,0.67090884348639468,0.64351152790813015,0.56218454574658894,-0.96227099138877192,-1.0750948885388643,-1.0546847727955884,0.18819381759338694,-0.18370157355320729,-0.083632109751576048,-0.26799627563148293,-0.19298916084878345
16.052535145110451,-0.15914754586949847,0.34898889762048352,0.68062305670644896,-1.1547598034000373,-0.99666587407661023,-0.91628649190759781,0.37910356431179432,-0.033447472028289238,0.0023873688844762292,-0.40651782974139278,-0.01672655290163378
16.648712448489487,-0.50286540064779772,0.22678457487007495,0.5657753969068896,-1.1653008329332022,-1.0282901762389816,-1.238188669523602,0.36472828147002506,0.09115245876279425,0.081880690073319509,-0.55770748181216412,-0.11927012457817188
16.864445992889308,-0.72473194222872095,0.12152578288256322,0.61446554557659205,-1.0051746833383284,-0.84479585810362456,-1.3938168684274248,0.20606282528126607,0.063804953616700105,0.046991005488815921,-0.55291688059304811,0.058172628259101813
16.862526615235865,-1.0195976710251138,-0.39665292934417401,0.53282271778410328,-1.147805391542275,-1.2094269932728299,-1.5921511442428804,-0.12425169309643323,-0.22341781291505633,-0.05004625490459616,-0.64865336617769098,-0.1158432826952587
16.993496962170216,-1.0063309859259932,0.22067518923492546,1.1805573369207207,-0.72827820041060665,-1.0122525484451577,-1.437359883082175,-0.012908104806392914,-0.16958206916069091,0.041737408995353491,-0.53304808449257501,0.16807297460129406
16.636873260061247,-1.3237062036639429,0.47790631178993248,1.1898623182259298,-0.88521562802966514,-0.79065744267280713,-1.0588151523186979,-0.18042317928834908,-0.29827693703539787,0.11850651626653146,-0.48146720494071849,0.295691926619985
16.472269449954673,-1.4532277917796363,0.2156400485128043,1.0935668347836371,-0.60400335316990938,-1.0739299314111228,-1.1132575029332628,-0.054464062182241167,-0.071857521691271353,0.020739815704235196,-0.62595059558105026,0.38015292781232668
16.135439557436936,-1.6000973840191173,-0.18952770831722587,0.65760534743524768,-0.6603414578543102,-1.1413449717477213,-0.97128730600346636,0.036523594703872293,-0.020183455770490594,0.07721373647760682,-0.5286953504369476,0.23359143236672603
15.5136980311381,-1.1576933901525523,0.077019982977803506,0.71808276863299114,-0.58677308202339551,-0.81575518429411431,-0.78160371031792175,0.26562738758181048,0.032512521702623864,0.23018676353658016,-0.28509715299558736,0.19526419119814611
15.330246242594383,-0.82547913449353927,0.16248091232032999,0.83139373525194826,-0.8062385054398663,-1.3488846280602353,-0.81922994932356275,0.042946121235005227,-0.23894768964265667,0.22117755818674162,-0.26202934417891494,0.18571126395057416
14.819257475867087,-0.42240230862689521,0.48741008001503483,0.85608308472191019,-0.38677053985457988,-0.96442131679790621,-0.66171686264078311,0.17594677795987546,-0.10414954933010789,0.26029163718676018,-0.11126427557653275,0.28417945619227569
15.491262957960291,0.47094279064018307,0.628458987141295,0.73267593851435531,-0.034600223367048703,-0.61710927791294312,-0.37349069827256365,0.28178658672128143,0.044340710192607699,0.21100444920210903,0.12378508547253565,0.22838752801931778
15.883180358360393,1.2840553039372977,1.1483637427438038,1.167491870340877,0.30962351520887738,-0.4189277576063784,-0.26210221105335635,0.19532915102616152,0.082428649949454216,0.055300865695828684,-0.17870575391791835,0.10715659522520071
16.454178421265912,1.5318599622010571,1.1258814990895618,0.74350861940473212,0.38273940483713553,-0.039530698650538439,-0.073601520995104946,0.034420262318838157,0.039489681462791734,-0.012682447111769041,-0.034675413384885438,0.05071505557018955
16.597899670450001,2.3819028746075106,1.5458921499236309,0.83549589412463476,0.09284593852663528,-0.58704126996115547,-0.43192469544274226,-0.17082002244694813,0.09150679452945025,0.20304758822192687,-0.19214838886203978,0.072425252011241684
16.611291753086331,2.398217286888376,1.1904828345782603,0.81381764219839559,0.15932615823023527,-1.0180485807079611,-0.95397789681970679,-0.17015977256085019,0.13936594998856214,0.015749564420150092,-0.082104885285093701,0.082454060002718613
16.83354819889799,2.2301215648243859,1.0921906771799692,0.98713564902281137,0.42871128651501239,-0.74223292210049363,-0.73136463607398106,-0.15475880639515541,0.020774132410932577,-0.14867381248122824,-0.13499165696332535,0.13357394157401753
16.307440845078531,3.0066646613588865,1.8131737996207471,0.77038736313565548,0.062721088702518274,-1.0484161823582561,-0.90220010751358659,-0.13228591915202523,0.18552040914778928,0.0084879896143637036,-0.15622443596704999,0.20471881134231337
16.128123531030617,2.8623962997152983,1.4786039784360072,0.56068386252973812,-0.096694891169488387,-1.1948352471821724,-1.1056182267139936,-0.14527494729654664,0.32993426960201527,-0.057900135204364558,-0.22193846032284884,-0.072756856507731241
16.558872015284656,3.000863970371761,1.8691633757863708,0.57134693837022765,0.048066818027199289,-0.74404534565791824,-0.55186683581459561,-0.071947251251306493,0.03675548399751611,0.1384030380856934,-0.39755996346185074,0.16674427199031011
16.435238550462071,2.9232303332331244,1.852079911473768,0.52296219416762357,-0.40364541470039805,-1.2932163854045713,-0.71875497174552883,-0.2107550029257913,-0.024985978749587429,0.25473661818364635,-0.30534751883968914,0.25265216596230078
16.707529838517566,2.7569265178625693,1.7395096942806418,0.71153617991517926,-0.28531375104185097,-0.80184103604403323,-0.3935304536611528,-0.0025222371733913955,0.1001139503673647,0.26254925479676366,-0.33125728322638859,-0.081498795562469237
17.009807485802593,3.0171004615085892,1.777226475280705,0.46788350921795224,-0.14258979685931683,-0.84534495758987249,-0.83809631904125836,0.096694166550094982,-0.1391093400083683,0.38285606052152488,-0.45852615527029872,0.19308409509800201
17.082431955626522,2.7763674902439344,1.1250898905523248,0.56651209211516884,0.13592964278430034,-1.2010365803614871,-0.95587138788223069,0.099534866966950367,0.12116081161752797,0.033818930463037848,-0.3441067482564964,-0.0059153695281041674
17.549371757415923,2.7594401864918283,1.5647529256078452,0.48651550434001262,0.093478413558728088,-0.63210708278801309,-0.73280212231538,0.20547795388143864,0.10329221841063158,0.057754879860926291,-0.4881470858438271,0.019359021399543173
16.964251186173378,2.8547573056866575,1.5229080006786175,0.2862059118132867,-0.26516774564557521,-1.0227115686658312,-0.98487221671025871,-0.18995045528983989,0.030266496381192345,0.24784989119179041,-0.50525526155590961,0.084749761402022811
17.953278050871123,2.1528001128832219,1.4546217921736861,0.57863418003573641,0.059654033337883126,-0.32109484361326313,-0.24866139842732599,-0.13987086167086271,-0.16972286661894975,-0.10130660113278439,-0.28068461235109982,-0.13294218584892467
16.864557823192069,3.0035462028906847,1.8807733776370477,0.40381932415421462,-0.18921021209734598,-1.0456502877830407,-0.61335070894194166,0.083331254764172275,-0.061258877510025879,0.0451332384235704,-0.44493046047642354,0.24345293907197471
17.088925511569908,2.4438754388632833,1.2727246153379999,0.86348888344855079,0.20494861607312817,-0.69698180876856053,-0.43919506360971994,-0.1110061625108712,-0.18759708424005161,-0.34269525434139442,-0.33667244529471685,0.055186170286116644
17.423348463852808,2.7267881187646332,1.5779357787414876,0.52013914564986996,0.027162734138068637,-0.44637969493789237,-0.34811700787917782,0.0060321759752189376,-0.16550967520795701,-0.3469599498686543,-0.29235882720085593,0.005462838201311322
17.320477188744281,2.195409869712845,1.2777548178260407,0.45889414406775608,0.023041404303510447,-0.61347722190192855,-0.60972938402911081,-0.35118747836277042,-0.46279921044167349,-0.52509300548131721,-0.27243595504172624,0.0049580442775939539
17.001413538558371,2.7559285879235955,1.4739070674409958,0.6862535370578472,0.33827716116490725,-0.33772134133440396,-0.21257624807154152,0.026151675070029336,-0.35835923158577632,-0.67630304072101832,-0.25831747385921916,0.11585336072604352
16.202477430750871,2.92326813716444,1.3335960796390074,0.39222741739176692,0.093738078077786072,-0.56957289344704332,-0.49922361215382494,-0.079486005795133652,-0.37163549743377466,-0.66647848845538726,-0.1181297230298948,0.33207762185138912
15.708868811904775,2.9981854834072812,1.7121180898125847,0.59075486282351997,0.30062604858375919,-0.2849317006455061,-0.068887315520973449,-0.20984786245709167,-0.40547444041228647,-0.51132410217838675,-0.047459203724884318,0.20532827254629948
15.939611125255775,3.2605065799725521,1.4484478691233638,0.46250408142762367,0.42942928430533883,0.028428804668128922,0.06468351354352854,-0.43893910212675485,-0.36284570472460975,-0.49903671636147068,-0.16347037685030064,-0.086093413795542501
16.795559101028513,1.9679979934120326,1.26250748564033,0.52684165303390929,0.33053769827983093,0.083929411115065772,-0.12131928578929287,-0.41044140052398775,-0.41446718926466503,-0.31427656474938087,-0.12055719245907516,-0.034205795439955312
16.835443737793479,2.7057438280279817,1.6033845645284825,0.63620948880211969,0.40351987361279246,0.14585810992526629,-0.088230106507152684,-0.47752950311380421,-0.56005133015827024,-0.40376476227318492,-0.091885268923383612,0.039216081706184201
16.39911641691074,2.1001374396197088,1.3162187949423998,0.48841196851931629,0.16384621391875381,-0.14159548330149535,-0.28844397733052812,-0.53591982393620086,-0.5710000366223994,-0.51668671305937031,-0.27609230181925037,-0.12461718807565687
15.978404226778059,3.2881823409502653,1.6438073142455898,0.33003778184591459,0.48359414049994343,0.24784683703374874,0.16415075353863273,-0.52417480796617877,-0.70936969394107541,-0.63603981938869614,0.10291066251861074,0.18871173837113997
16.467678943364135,2.826539769063698,1.5524629192399391,0.41650735525997951,0.30840169262870498,0.15960023097765513,-0.068880579925971089,-0.53273917205994048,-0.62563818357738255,-0.40518836394120439,-0.14448436040530543,0.026780401496325712
15.679364641196287,3.2423231199801967,1.6070648963927148,0.29410411560112532,0.33303303922977162,0.22964056904972488,0.07393371456351093,-0.42964100710897013,-0.57737417501202981,-0.51973559803728187,-0.062293947140460416,-0.037382197293143495
17.132404061696509,2.6359642723995407,1.5670362021841995,0.54783620753899631,0.35443076276180868,0.18493508466967137,-0.046560696524076649,-0.51270481404038504,-0.65389326828882754,-0.49468435964279878,-0.096842954015421201,0.13275814630681862
15.98089671575195,2.6711732391442404,1.4461312738256951,0.35695307400601745,0.29150184993178774,-0.085546875980316947,-0.17302731112561065,-0.57127140808786281,-0.62873399151825293,-0.54294886694609457,-0.12388626140837626,0.020363040998310745
16.740315802763817,2.6535055619521999,1.6888368516867605,0.71744976532187565,0.43758861682268874,0.17035438630564625,-0.12030904161500285,-0.55372335371379233,-0.61224691703045675,-0.42355923358810144,-0.0021952951968219371,0.14005796955658203
15.366939661862554,2.9736062883297407,1.6586914647077704,0.41002924110619837,0.18053652490566721,-0.01433423212256961,-0.16064026275550719,-0.75944032659640037,-0.63013063075423292,-0.48102770525522659,0.2051440825756532,-0.055101456122294785
15.535417765542601,3.0350862719965579,1.9905313401058913,0.69722372853848447,0.4664973168428071,0.16532767918342026,-0.032902620937602073,-0.63352740277739883,-0.56616454901472946,-0.46847716594673522,0.084646169104692276,0.12132898522715313
15.85300927092203,2.8477528422519334,1.8475953734174746,0.7377831255819266,0.51647544393265898,0.097446975126602609,-0.24275946594192455,-0.74999762141568049,-0.59100380547008569,-0.37525493304961738,0.096963897748026176,0.13156454240553039
16.19493894788879,2.3853824163560406,1.6965322702427756,0.84821937739846143,0.42037101411328759,-0.019040102870211805,-0.25333639762675508,-0.45287481226852322,-0.36401793783220904,-0.32528749438957771,-0.13740246130661657,-0.059728314561564022
16.797547780975293,2.3568720096392517,1.7764334023507788,0.96937618366228318,0.48833386376957783,0.015591128490522759,-0.28785312023209708,-0.50660168408690787,-0.44329356445630663,-0.31663850049293296,-0.13188958210489082,-0.011009920473974959
16.235330999870545,2.0583166144462051,1.5026861912201979,0.72083063583161877,0.23899035224871346,-0.22214644838541395,-0.39139013356753327,-0.56468216765528956,-0.4746763430299844,-0.42179080503458694,-0.29156660388845124,-0.20473991784014162
16.840982368301106,2.396285634242401,1.8267499052119036,0.98215786326654164,0.4362431941508364,-0.054716486244735442,-0.29117356300412317,-0.47557388372673709,-0.38146863254191637,-0.31458442357252003,-0.12331742160996588,-0.0088850359048623356
17.199229694576534,1.6945065172051719,1.3061102096506609,0.6652710409642868,0.26865488816918265,-0.14606316826894358,-0.3384344373302528,-0.48033220277707317,-0.4311280273693136,-0.37897651122608872,-0.26270310453839563,-0.16304265757688721
15.582979052457686,2.8759700169698998,2.1329427855272067,1.1044995122926171,0.36409679550588009,0.00013044800629566911,-0.27576827066726078,-0.63406406624524514,-0.33531486041745934,-0.37544611949506462,-0.09817008310403752,0.076039701434053822
16.235545623587097,2.3630002682123776,1.8541454907121735,0.97211918189518121,0.29260571554763937,-0.069100211682473558,-0.35924032277523399,-0.59547843833480507,-0.31317244439851361,-0.32838895464823536,-0.06403979012461268,-0.004855047759663801
16.482328685334352,2.2921580316019772,1.7485659923160937,0.94981611111804387,0.41632762015529312,-0.029198147173423915,-0.25906678697493446,-0.48315152270234074,-0.37112623805317008,-0.32381106009403171,-0.13781077467904934,-0.025769703294766393
16.892714839510305,2.2583110802471227,1.7258384219406728,0.9680887109681412,0.45219578051096682,-0.018083478964584447,-0.27746342628158149,-0.51956456063162704,-0.45054664624895335,-0.34382731362912794,-0.15388058707312791,-0.02340806175326729
17.474118486578149,1.7230665333293451,1.3571229390315576,0.74077197647837678,0.34544721519592142,-0.057830877452858989,-0.25568840338340926,-0.44800542864582776,-0.42416323294706504,-0.39014114042490361,-0.28026751052979543,-0.1585690275195771
16.413126174125004,2.5609929745507221,1.9437108914160415,1.0501757688778528,0.45524791857930197,-0.041376407951243498,-0.2690400632356037,-0.53586819455102619,-0.45869499585407181,-0.29877673345183153,-0.13178474603670207,-0.039993415206016368
15.861650638884344,2.2513430689238167,1.5014403235499827,0.64560711177220875,0.16297952539276336,-0.26360900030008066,-0.39891229076361562,-0.72313338589258347,-0.63986585930812567,-0.48595206701117571,-0.27183982806776719,-0.23653836852462237
17.003196118046144,2.2901188715386391,1.7895544258861629,1.0238229434916004,0.48346751547935812,0.020790477878578649,-0.2564272530967055,-0.5052499386339192,-0.43202835655081445,-0.32814443537237797,-0.1318095748216159,-0.0099328052091858347
17.284899104700209,1.7150364846396013,1.3265320894097024,0.68489765926773638,0.32610187008680858,-0.078767975647054719,-0.27300787688502215,-0.47113204894437977,-0.4445302170691956,-0.38324703901072082,-0.26022961026089897,-0.15773877411880619
16.553798253590887,1.5408203376959366,3.1519143014400437,0.7665323202563632,0.37982987802524348,0.27561552730723993,-0.77091002948412113,-0.10270943037980594,-0.78341851598687795,-0.088521958144694546,-0.14102777285415952,0.19330339389638584
18.112534179635698,0.2099892781791669,3.1850703862738374,0.42288525134055083,0.31877934131607483,0.40975194754173522,-0.95040861914194752,0.053686289328129501,-0.77420201257415422,-0.10031659703068677,-0.26046912764660934,0.14922231526448573
18.190606970391034,0.88280887121499529,2.3489287364781437,0.57116646667125681,0.50097022728809348,0.31779452629394012,-0.73677475475849286,0.004107221205663778,-0.75984200366662413,-0.021639671271638187,-0.30083951270734172,0.15849267968454514
17.813626878673709,1.7559045504891801,1.8415582295069817,0.90695306057971647,0.3468253868844739,0.14219397234070219,-0.46338435610557488,-0.52467491845470904,-0.51354156359070779,-0.21695898476226211,-0.27272095663825602,0.13119844096015412
18.096695143263869,1.6249086079865442,1.3579555992599044,0.82034659351602934,0.39065476641072466,-0.02499096102470864,-0.36343751470331687,-0.46820105313071392,-0.48484762519317448,-0.39019194006116475,-0.33660255304183379,-0.090813782757833708
17.983241808586033,1.6536065427834308,1.5484791059375618,1.3316156530108674,0.67731910145843732,0.20832954201331524,-0.64981413176560843,-0.7342364030683125,-0.62975944125937844,-0.10186455531197855,-0.23026713514446132,0.31937386709065763
17.115579565016827,1.6279153504696109,1.2763972245255786,0.85275997863210651,0.25965657029448264,-0.25743572196917686,-0.72620952107048375,-0.69128388345662783,-0.64497435269373493,-0.51017241694428572,-0.49880470445692043,-0.16687302550962782
17.857238678088009,1.6759541180668793,1.5021074791263465,1.415325509802122,0.76647807680675217,0.24478830634417012,-0.64395445712702493,-0.77195676467464702,-0.61924794316984577,-0.094527453184112181,-0.22537643306552876,0.30740314068167152
17.279704972581381,1.4359148229752372,1.294290063711655,1.5294851583805567,0.67089868600188329,-0.28779852597270933,-1.0520462736044878,-0.63565989716908056,-0.50909872771276932,-0.25024717428978782,-0.073011967600953631,0.31412538202481122
17.758726848633817,1.7467263819319425,1.2267764039876485,1.6317618861378114,0.70480235575176675,0.090098802290242433,-0.57388814426454882,-0.63275217139566808,-0.48754517306486933,-0.36122262367507502,-0.17137329412281294,0.40351567427703738
17.815656539572668,1.7314051619240483,1.2965162946160886,1.5590150990428406,0.50844543602863834,0.072001932326379178,-0.74348665814708947,-0.84531631442924426,-0.43180062619513032,-0.19272170491894242,-0.15473509122716073,0.32172498978198605
18.091908236770671,1.7536547574289774,0.89136867676679832,1.3139300251806532,0.62627611586730381,-0.076912586557273468,-0.45896953160583276,-0.64402120696830589,-0.42267079332693519,-0.30074955228593103,-0.23052912776181345,0.0032068931759141003
18.129144824319742,1.8081535447054455,1.3006933165103471,1.4269743221179301,0.55566928796124249,0.069152573772674947,-0.5487231939342726,-0.78651919354183319,-0.41878790686589484,-0.20055216161915046,-0.34008142227601595,0.17874083134398369
17.229888052365016,1.6876302822753619,1.2826915835313495,1.1542710694829657,0.31051759142132324,-0.20544992186089389,-0.58704042732523576,-0.66261853357825873,-0.43873000473142659,-0.36254410660858172,-0.40160391415206975,-0.018906160465529832
17.755745996264189,1.7685727016043933,1.1927572115189002,1.81789057270149,0.71081382531360782,0.21257202609621687,-0.45362165254914161,-1.0636856761425144,-0.60927168184159197,-0.048316350929883574,-0.28706940573432677,0.53672409792988163
16.869256027657222,1.7254558857052442,1.246287855277914,1.5805853171426867,0.44192263744212018,-0.082657558414652235,-0.78360510323711496,-1.1410877122561851,-0.44908478155829273,-0.10428665428128669,-0.2233286161812009,0.29217556667961431
17.566377413891185,1.9058031199207925,1.1951507867878908,1.4268637370525383,0.56510711553112758,0.1147466317509574,-0.2397508752294697,-0.75534305555808878,-0.39699369778529742,-0.13016968219481614,-0.34790175298320192,0.24478864850904036
17.20160948074804,1.9060590339169272,1.2910820728970656,1.7553218380460895,0.55569898356499592,-0.033317278801007988,-0.52892627396728475,-0.8312198131200641,-0.56501889289103879,-0.073196044682196371,-0.54620088480496676,0.31354401109330954
17.41800808503065,1.6845982633761318,1.0556326391389166,1.3842068485992229,0.53272990946024767,-0.22332842337323094,-0.17505719530725572,-0.4245995117395604,-0.48127310423568814,-0.24192409453659505,-0.19680025314940458,0.041779658010920609
17.231217247690676,1.8568144975595904,1.1463201510039123,2.1009971957725333,0.52838528846950072,-0.022721552833013466,-0.3105369856985179,-0.86244671522497951,-0.55866166290359776,-0.13062753947083786,-0.23641526489448181,0.14086694407390163
16.409011367862064,1.6201400634395924,1.1098680014705582,1.6396476054317961,0.32706185678963362,-0.26488253810274254,-0.60121437544535694,-0.85827713491369795,-0.44423679218027906,-0.28209303224213089,-0.12300041651668048,0.060127139800286798
17.118288692718302,1.1385992847729742,1.2065871605737206,2.0267415521880077,0.32807408751340528,0.42776468287434077,-0.42088027367620989,-0.72086833799230965,-0.18303140609291335,-0.28226246001893135,-0.12764014752879096,0.30212972269788529
16.376337673466214,1.2625014561478951,1.3348456138483911,2.3511373416350545,0.2591400164414196,0.21277166730225969,-0.57895138492494214,-0.97337177083445892,-0.21985822551294792,-0.41226040606321462,-0.11413275979788369,0.14420107514433647
16.976727430718018,0.68841913307454417,1.7041358460572615,1.1476117073680379,0.021854722317345001,0.39274898889381593,-0.53053146416547003,-0.10422754583458045,-0.48417352311067197,-0.31682039347733737,-0.28173296831392575,0.020460278122023123
16.414844565462676,0.23286478274298131,1.7232428646462876,1.0949296279721177,-0.099107134681655967,0.63614322202679252,-0.49267118751830846,0.14688361225894855,-0.28954202626712183,0.034422188873767641,-0.029211409251415126,0.22701662660774419
14.733323577310957,0.9279520044421008,1.5895498928465301,1.6745170583589177,0.60000396387761146,0.3571675567184856,-0.4266232203059771,-0.23321311015423349,-0.13945769334974101,-0.391473915305245,-0.086130345041193782,0.076741250860225221
14.469589859199475,0.8923471827468602,1.5337268679502278,1.1658510460742602,0.31432160209509491,0.35053915242342992,-0.31983568204902435,-0.453097225741034,-0.39714185665283769,-0.36314701751387041,-0.22194778521627745,0.044783079783163898
14.329221085622216,1.0144342455924378,1.5590390732854602,1.0319521060470556,0.3657952296795603,0.19311838847652568,-0.22064891445574208,-0.066253762876924013,-0.1598134691274426,-0.20242910590341429,-0.13661973914743089,-0.060293574379299379
13.993272288994293,0.91649644808926678,1.570198964558257,1.1994139078207668,0.50798943305132915,0.282207782981796,-0.1831307268273546,-0.24854203898207039,-0.3883693375345813,-0.37738187706166798,-0.13753504469465364,0.0055208574072694539
13.572191381593223,0.93900958475049123,1.5706294042271969,1.1437866822012619,0.6997098593310207,0.031333387027894573,-0.17595054134623947,-0.14594753633606239,-0.23714043782937352,-0.533218686661033,-0.4083596284774853,-0.015880024848610168
13.686296452258048,1.3157778776176243,1.6231828333807894,0.93297797230330481,0.53548363358760376,0.024333971050985843,-0.25871696144170514,-0.40685095190152948,-0.33719116143189609,-0.33325239729841072,-0.27955426408864503,-0.072117765033789985
13.69726311241261,1.3406474858969064,1.5022486882090451,0.83646125634119539,0.44955685859994043,-0.19230552254310507,-0.318394946434152,-0.34771798411089899,-0.24615435221781248,-0.37445336379510424,-0.16924562016622904,-0.17285875015523841
13.465478753034306,1.0836865538851368,1.4833113446817334,0.93453745705324465,0.59453093786328215,0.035805763762524589,-0.18075354601673926,-0.41656597767038217,-0.30981237378616361,-0.30032177002020993,-0.03814313455497393,-0.27737147559978698
13.371285808456852,1.062627370461118,1.609046280643432,1.0292552444643317,0.42817853785322013,-0.034669171907935462,-0.25433985034549322,-0.37787571657649277,-0.16790597222595924,-0.48545742653853197,-0.18112034117182799,-0.35545713458666056
13.753241830442436,0.55888749341790056,1.2254172956566745,1.0491533283162386,0.23306354993331319,0.47023720195984114,-0.14029681567959085,-0.34283097333597123,-0.13403863609315858,-0.48255619545379203,0.088800673741502856,-0.147516778134925
13.074949198379963,0.78623503491406854,1.1270206644213496,0.6912995613498516,0.33248833074955575,0.070464126694900237,-0.24179502563846289,-0.51258477383178325,-0.19171567968304695,-0.51416328572281766,-0.12857408063926967,-0.067628752492376834
12.972158227257651,0.92189542414070746,1.1750766910668429,0.64700060966535955,0.37937125709337377,0.053744355878545598,0.041115756414694955,-0.32855701535126597,-0.014227692131275737,-0.31522877576465924,-0.27190182070511743,-0.34170900966557316
13.012305303673656,0.71530052993143889,1.1491979559725558,0.6845196382102311,0.344328226728917,0.008929774175547564,-0.032019315597222542,-0.16368204104980141,-0.10077915328795098,-0.3270425744464911,-0.19515140719110891,-0.26974521025176645
13.111794881908475,0.76053405029156351,0.98251260663293161,0.77839149112418482,0.67395432625300189,0.06091653136365624,-0.096578789940745577,-0.31865416476175251,-0.21096768697127041,-0.33112409824035544,-0.12279436971911871,-0.21714962842971508
13.160493034690141,1.2155442462177126,1.2766794529834335,0.82554747201944012,0.90127528549797975,0.050525651935224035,0.0018243991040538595,-0.52565612082919499,-0.18947097744711389,-0.35784367447485799,-0.22659392850431331,-0.15502527082597101
12.752304710753124,0.50196433739160973,0.99125129147286362,0.81344009394407202,0.59751399996700427,-0.058502711992045972,0.21120936102602919,-0.27128758537265141,0.021449143162715231,-0.30840435140865935,-0.11370496452842391,-0.079846307650993889
12.877033986952219,0.75182452991704252,1.0328037188247561,0.88777542597566161,0.9135695616215197,0.21725118816639066,0.011360013773941028,-0.3841335722643493,-0.27319496589352943,-0.2676922481070419,-0.22093442371259706,-0.32591688232032195
12.964920948887992,0.60473350030849338,0.92488482187999488,0.77116763759390683,0.67636260532737114,0.043731961682665008,0.14261675455533734,-0.15125098062781733,-0.032639453429020041,-0.016585680241102053,-0.084572712121695093,0.023718107125821574
12.961613876708999,0.71024800268771293,1.0924717740287471,0.6092498274756375,0.53487157660195728,-0.028589937040572479,-0.12515857939995384,-0.58752183940106895,-0.11695994798636569,-0.15494246051737326,-0.1502156348147205,-0.013404215903073349
13.446475300609382,-0.034944619708486467,1.4316942190019772,0.64926101490975185,0.61289138561686018,0.093942539724061469,-0.24091194296954885,0.067681664658033269,-0.66332397511606023,0.29018042358331625,-0.2179500408825204,0.034583277012080048
15.423779896183714,-1.1023836113828238,0.39361792704661674,0.964515106733699,0.36010121027711334,-0.60857948922404004,-0.17252802821820429,0.60849108551876618,-0.69441419336287014,0.047993979961697478,-0.53967539724395452,0.10095649759098596
15.977467502901654,-1.3750989583200333,0.50078279667651382,1.2032163238734883,0.39989455459043316,-0.56115365819617002,-0.038991490340498064,0.63390476026962839,-0.66810762459281747,0.037210909923924736,-0.45932397112528689,0.2237386689829404
16.886634004236363,-0.53707461899703146,0.52314321925051521,0.8607555114678177,-0.15426934595113187,-0.47536837150343669,-0.40648194503727886,-0.027596769002436634,-1.0767839636122851,-0.39046754110104831,-0.24878301209265824,0.077752390387824055
17.670911352117532,-1.0030001552590626,0.79680343075082338,1.757903136266215,-0.18730588791190919,-0.51427365342966191,-0.53259294075740138,0.066252547890856675,-0.94315852327357863,-0.46481977392451773,-0.48069818317232693,0.3571663545599767
17.779329675662684,-2.2546320794005963,0.48110304620000238,1.941259302276674,-0.029775740224596999,-0.27045943059930416,-0.33949440100816208,0.41276405348229317,-0.91956960260931508,-0.17456904302204854,-0.58124272157651558,0.31321666383654262
18.059834002702658,-2.5154689692832317,0.22632767099416956,1.7099922103474656,-0.048917615193992237,-0.40359452782040967,-0.34029913385718363,0.51883441160862132,-0.67680191187619432,-0.10069433971806115,-0.49467402791473652,0.29654792114627393
17.77960050975982,-2.5985660163729869,-0.2495211124404465,1.5886476040356901,0.055166338219495639,-0.46527192904948911,-0.47076659850854707,0.22287614505908326,-0.61622444886748451,-0.1513038833539016,-0.45422169333093226,0.32342447009791614
17.830719439710567,-2.3742119264439578,-0.51742921777477791,1.5292876605606012,0.26814518715915098,-0.3426000760828789,-0.22198617556497929,0.19091825313610231,-0.4937053739701785,-0.26540706264543629,-0.3776934561001854,0.21490216462912523
17.983106323824423,-2.1282754421923142,-0.77456100487660307,1.2855007896129627,0.28603144277687559,-0.21883754535260128,-0.1334675390786515,0.02049692519493004,-0.65620512205211456,-0.31988600294026293,-0.36551367839671473,0.24517794561304565
17.735898365113098,-2.1454433373806623,-0.71400641353393701,1.0262344146227886,0.19333602857256155,-0.065606622559815225,-0.21413531288459423,0.2587691998124898,-0.3413437853717956,-0.072543843736055422,-0.29671761118731604,0.15351166994549451
17.71291447838534,-2.1123437172709765,-0.78284030927519044,1.1069604589133744,0.052629204750426137,-0.095461618635241996,-0.0065716734365865326,0.34146010653523207,-0.33962925312855968,-0.32415616718014895,-0.41229923341194047,0.32004250080996949
17.844275468407798,-2.0306132920280153,-0.80045236523543806,0.84468232005895305,0.011950648700539272,-0.3258167482886819,-0.10200591178327108,0.077630380094350554,-0.49117091778541205,-0.24288070351207641,-0.48160058748161944,0.16060164506150898
17.452053682772949,-2.2978204336011419,-1.0506553393438953,0.79788345525665128,0.092217014783824561,-0.26801690294388214,-0.38298752920942808,0.034047451644984635,-0.36315297266620211,-0.26265097765180606,-0.51168473169303585,0.14938989299487476
17.643415178314925,-1.98667916788948,-1.0431884675436967,0.9531798002009586,-0.026328653573449583,-0.44432501581520639,-0.3880664404873283,-0.026110660354069327,-0.4626969189209833,-0.38565231129680999,-0.51065818539188801,0.059969727850925497
17.789660313642976,-1.366942535761021,-0.83104292278317349,0.87975193595499968,0.079093224563776071,-0.33925904962058018,-0.46642712009731208,0.019315601734095512,-0.63267289430834073,-0.54342859635000562,-0.515255127100261,0.0076703919630589394
17.714932967179724,-0.9011972897627083,-0.62912316176570204,0.7581744068135271,-0.07641431016398037,-0.60652669568133633,-1.0480044902832002,-0.49072438926965734,-0.83339389653866802,-0.60248275145618135,-0.54402073975744758,-0.12891355356466039
17.258795453408474,-0.79871540245084816,-0.4596547156139254,1.0085265089422222,0.40974633764467144,-0.14742026902951752,-0.69265147012070649,-0.35087292964421091,-0.66832709975957949,-0.4740630234904038,-0.45169435007998981,0.055061204054111842
17.429444647793282,-0.15195313640758568,-0.1429605640938631,0.99185726114342132,0.5374293144287795,0.34336383875520304,-0.32386962594959884,0.17003137873870866,-0.1849959486547631,-0.19089882284574378,-0.37053586818447815,0.30622520101521711
17.119561261707155,0.68503596191279059,0.57852358643158142,1.6489969826806619,0.76860754947070931,0.41118643362179114,-0.36393996300960241,-0.084998518122102032,-0.3383273176526716,-0.30728524959685988,-0.36624381973049408,0.039447113095965318
17.603936260447664,1.1261153840635167,0.29787833423398091,1.5908008748289018,0.96010681432750244,0.40157413824146282,-0.37456415872371857,-0.35055786577044079,-0.38487868439990824,-0.05266891513208153,-0.15165342835764561,0.13716761302360386
17.576240638143499,1.1590981401396139,0.85274498609120586,1.100395096900038,1.112867438006238,0.20957815280787517,-0.65875858095738893,-0.78243356485720184,-0.60744661084368023,-0.15046925333451422,-0.36000326669502702,0.11532686141542531
17.839494725567921,0.99897194984302429,1.3560885545174581,0.34790334902965953,1.2153113262356281,0.42687828936096023,-0.32291660655827958,-0.53156169842705692,-0.64689635536003021,-0.13049288532534523,-0.27561690450456505,0.23612432777227699
17.734829577026535,1.9301540879089352,1.039824951170438,0.55797504421961819,0.94510192378211677,0.48181609850251783,-0.4068880134886439,-0.94713529187856238,-0.81316738884207695,-0.34118470236133325,-0.17011385146610838,0.16957597645288922
17.679976205473608,1.8246307155506367,0.98397550679954338,0.78014044040008645,0.58276262200337048,0.26186377355644791,-0.34798732148150285,-0.8370511508375712,-0.62843108345765875,-0.34534425146828746,-0.073663637436530163,-0.0062225964307181005
18.109123082068059,2.2062312702954814,0.90563185545862501,0.53668450096611964,0.8304319905650972,0.46534874301981999,-0.35420060914604756,-0.89100027746919075,-0.64586390997465448,-0.25219124321240582,-0.069697176443742376,0.023591016351010102
17.03129571437151,2.0632294646262936,0.74758404767030184,0.52886244814794736,0.74783455932775134,0.086895090390336008,-0.70773709302140064,-1.1626059996795923,-1.1101386733001481,-0.56116859233877014,-0.26315202113657604,0.17491988481371323
18.419156541539163,2.0571074311541921,1.0529243552377752,0.47870547205495023,0.57573455913344773,0.39142503089079872,-0.21112276735719052,-0.84462628862503542,-0.68479198901795935,-0.45621619669253355,-0.084952216057849375,0.11038306102465001
18.636104479229626,1.7406312067489473,0.91858021925939293,0.26415170905474838,0.19647663086381181,0.053924928200876951,-0.41944445427383825,-0.90007352097344384,-0.70718857284125558,-0.51213420216150263,-0.19454584704874606,0.0056584352063163588
18.324172354424324,2.1807591273590927,1.1923396211674151,0.49456432942006262,0.34225175557464238,0.21382054646733864,-0.30119174582106012,-0.86819564987904785,-0.66892347942916586,-0.49994218141137203,-0.10834006940899822,0.11321073516267395
18.937321095026288,1.905441382993174,1.1296184513609324,0.41824755595448732,0.2554081887755405,0.024141552481582472,-0.36506844175451464,-0.76698716899901953,-0.667877560564066,-0.42127300137896972,-0.13970164908290611,-0.0023472070814943196
17.194984658437601,2.7010845917260595,1.3037532302762558,0.63213291768905711,0.24513465939060999,0.0019769170935882603,-0.4158321732609046,-0.86935382741264755,-0.60942580586179185,-0.76102051111625058,-0.19823129930592964,0.22429456944529622
19.024915592005733,2.17315305635538,1.2438175238171132,0.47853063504288001,-0.083168157179250135,0.13635819537196819,-0.33264251469295897,-0.77259327740194084,-0.37345458712592167,-0.51341546853475772,-0.15569094090723443,0.03610620354436174
18.032574588688181,1.9197085018233166,1.1094158624211796,0.32567993897112996,-0.33180817270695312,-0.29544107683379572,-0.59454847509938769,-0.96647248133479435,-0.7453898498514705,-0.85425681181598756,-0.39074489263696599,-0.1003392014341957
17.610126881333365,2.8936177239777949,1.3088575606442847,0.68463699282812407,-0.28403323538971481,0.13803525430469954,-0.38678720792977866,-0.79494848102313098,-0.086237043964512081,-0.65651705911626235,-0.1619278582276624,0.1387182914203515
18.596228287870694,2.1617300444785732,1.3758589933411478,0.66458530544316663,-0.19548271425703884,-0.14355200031139581,-0.69110974157514193,-0.93268440021693377,-0.31969904962928786,-0.56568742996824151,-0.21336020906247483,-0.0026536012675895866
17.984355397888574,2.1869014505357325,1.390193830416133,0.71864558735146244,0.14791749309913518,-0.18678430510049351,-0.58375915321508709,-0.70312422193031521,-0.47437369366468746,-0.57349501531363711,-0.20016510140226726,0.024117709754565383
17.755986552841733,3.2064387531754717,1.4733155329303158,0.37014894333911363,-0.15727642076935647,-0.1377615005490794,-0.66951217047055878,-0.58088310253518938,-0.195842840412909,-0.43508077730332173,-0.21167837803070649,-0.12137549032671341
17.600087108005596,2.2532799724455597,1.411116207859789,0.44230882173802838,-0.27178233771333815,-0.63462902105113816,-0.88162157266393015,-0.80491684781839756,-0.53322277232271698,-0.56532439650347854,-0.37759198517135401,-0.14062582603568086
18.340868094736319,2.5631143807788899,1.3582850645232685,0.40182243485473801,0.050487577051621178,-0.25503833119201619,-0.47186428777950173,-0.46721554288740008,-0.22830955902624894,-0.25464525641058144,-0.28688028418131151,-0.19547489154647923
17.760551509556969,3.1055484977767578,1.2372588233323703,0.13845544385297029,-0.19806196043827989,-0.33783442845421269,-0.85324883049886902,-0.72716671533341326,-0.27247846333191666,-0.25791183058825595,-0.22692234672789816,-0.10216913079247679
17.674804303620807,2.5256999380666278,1.589142007132345,0.53167241161530687,-0.070025136851790307,-0.45994195952838468,-0.65921596584995501,-0.6164426305825319,-0.39296097264799607,-0.20487545689898407,-0.1029295885510884,-0.045993989933987213
17.800700894075455,3.3408346910291744,1.481043415010082,-0.036317269124975897,-0.19693621998986485,-0.20320875560173349,-0.72298734978437962,-0.3071042869547348,-0.13289849909902821,0.051556234821617981,-0.33952776119034006,-0.14379477015784639
16.978257736987455,2.6814759273312649,1.2071136604832755,-0.12363264103621777,-0.43444913485248771,-0.80580893072374804,-1.2034732820859317,-0.65200700774748666,-0.45357890979122606,-0.22398716039927052,-0.41083421313041935,-0.092845816478487331
18.007343680130486,2.9442060800786796,1.455769828913565,0.064545082430941272,-0.06641295787653137,-0.33108645390816077,-0.75898906203072392,-0.16542771171770279,-0.10211051416006384,0.031871633094023605,-0.32482086353625567,-0.00040540055921048346
17.905955563744641,3.2175034919118923,1.4037455453627492,-0.38357978214500055,-0.2275564679407398,-0.26806741994323169,-1.2859596732852685,-0.1995182593915911,-0.14966587115439386,0.3747068122187856,-0.66484476723903063,0.099582492501183437
17.238294999608978,2.7424905455995003,1.5797825168202482,0.24890936967468866,-0.20939057412703785,-0.64790747072005228,-0.90589748572308226,-0.34120409590413969,-0.29354737129316283,0.064117857328323577,-0.21508636371519754,0.11086692446375868
18.283721165577383,3.1449187556344671,1.5031240274282558,-0.46469834449678082,0.047615935287551189,-0.41126062430835136,-0.86454648472313556,-0.051906684899852139,-0.19209240825506549,0.37670526596076381,-0.70808049290969788,0.17844534291666483
17.237856895470546,3.0187694480699654,1.2996662140427133,-0.58534407986707193,-0.17153161593295008,-0.87406235265968113,-1.2199793916985906,-0.28559267679276457,-0.27100116653559375,0.32273840082531324,-0.65947610742735241,0.18682914952833285
18.583891479569186,2.3663183812388571,1.2558441958811724,0.17756157853266266,-0.15097520570759398,-0.4830589217026916,-0.55811444093047413,-0.20929174314266971,-0.13039802329421568,-0.022062829108471446,-0.19888899873381766,-0.027988692302824331
18.738339616353556,2.9976464138886554,1.0559181770892621,-0.2483966193289166,-0.023773386179283689,-0.56032066639591693,-0.96292397906331417,-0.088510672501900298,-0.05046355679181224,0.1649637711237919,-0.43065904341178196,-0.030845276041821364
17.73172886817451,2.4550225774365928,0.86450883723770922,0.088490644636998933,-0.062135072321959077,-0.79281251973595812,-0.94821504165979276,-0.25714035553473624,-0.20325294835340565,-0.14333713499318937,-0.16723503100025258,0.13217198693107737
18.160298663354165,3.461581540199552,1.0335309328924323,-0.38413080842359598,0.30628370634333735,-0.61680724129702857,-0.81947016165777031,0.30659766930835092,-0.13568966932616153,0.10138230320207434,-0.41813790114535559,0.042280872153983587
17.895289757400356,3.1116420942304206,0.99300932950977217,-0.56264157461420428,0.072880827193160622,-0.8788766857522694,-1.1503848314129725,0.1995144133735029,-0.14769403771271492,0.27614497218096723,-0.43707302275394372,0.15105989290152588
18.427948841401889,2.126100853508083,1.0340186469898902,0.26052743608161949,-0.041849206456665823,-0.59289046598232087,-0.63011739975938807,-0.083538485312300417,-0.040715627004994856,-0.043762243276401346,-0.091399425672078427,0.086778731733747019
18.791947722364792,3.0373397759616561,1.0152465486773505,-0.24559356168236235,-0.0010736511004092206,-0.56941457718105892,-0.87364509283484115,0.10206271524492014,-0.057485052011166597,0.27562957082824779,-0.34012610006653382,-0.04651281641728143
17.2473607300537,2.6807406542447678,0.89756295585894807,-0.43327508767692768,-0.39917393992627526,-0.91383095257892,-1.1127421255268295,-0.094718437359762334,0.051553539848185746,0.19096061908720141,-0.2710008686902482,0.024053893784628595
17.89872749841264,3.0371292050238017,1.1665001691400054,-0.050146045753589448,-0.032734422337188873,-0.54248412678875058,-0.65643169664571344,-0.071854902424394684,-0.028688053688450205,0.19549128080558062,-0.16497858138612334,-0.022667194411049838
17.844445028825199,3.5049445000581674,0.88509130895627264,-0.37077023080042981,0.14498145210964139,-0.79097361903706742,-0.84699424802734435,0.032341481999135599,-0.059241804796919359,0.30487713882384693,-0.24121041077885783,-0.11295854576185181
18.784903620310494,1.5371928734686673,0.62003916977407281,-0.10605847008919053,-0.37974331473898065,-0.6766548738604371,-0.54019052228482656,-0.22286868714174993,-0.028268373684346034,-0.062111066328270584,-0.050530313066049971,-0.051316511959316663
18.799046781612358,2.8078396811572031,0.92393745334987298,-0.19110587305015656,0.059634370863112643,-0.54294086588921819,-0.76565992014448114,-0.01442103763035267,-0.027590997779278311,0.16502712120852858,-0.24821387438188386,-0.073976005302772721
17.746902427841491,2.9485283093597641,0.73828442692424223,-0.57080756073187877,0.10848774987567764,-0.6801195015231174,-0.96587430137933206,0.020171882200256838,0.29679668413315913,0.36365506846167522,-0.31063878029049297,-0.034517965181166226
17.933166822002651,2.3280754424022496,0.67788096060692049,-0.036771414887666845,0.071998027983435353,-0.55247488173200054,-0.64439455450104688,-0.080133409201734868,0.061420197345571498,0.0094659903940276149,-0.16896971443131067,-0.12758187067328414
18.06942324928707,3.6986758824581263,0.63398643016749545,-0.57345101940072263,0.34389832533797965,-0.65883684252883479,-0.91239940432956035,0.11303479470607058,0.0027526693724282442,0.052762659868579004,-0.17909813882639142,-0.072056202776361031
17.25462328127643,2.8745479049138076,0.77670130699081097,-0.30407172790138498,-0.13373737915315526,-0.69074890856420523,-0.73259581988322731,-0.040865306920706307,0.29539949290914091,0.11045975688247739,-0.22958021011915683,-0.14573910612536481
17.225219154501502,3.5751923964450709,0.56150631257281802,-0.43829804761667079,0.35063656853785524,-0.72876007707590518,-0.77168754971947839,-0.014569607573481483,0.20238548275607063,-0.13330797678833087,-0.1145388165282781,-0.14208679244386396
18.125097182422877,3.2492456834420906,0.56900805814790223,-0.45302884061716098,0.08394972172703348,-0.58967253018678523,-0.93699506800590215,-0.20760338832974776,0.4502729044423292,0.20737456865450521,-0.23731593757975752,-0.23346972989251821
17.493861858309241,2.040641264545076,0.7167273043896677,-0.12396980605294604,-0.33117780308768147,-0.7220728821690412,-0.70733345810956172,-0.23478786854579575,0.24190355089125246,0.10247377679127589,-0.25264461682857625,-0.31278372380653063
17.757329227378069,3.7882556178667901,0.30018317370577524,-0.85504636761549879,0.058120190948598556,-0.50935100398933941,-0.7017013391258885,-0.026300642684619423,0.20249748084276933,-0.068810415051580323,-0.24604040586526052,-0.017728922252557164
17.404162290720965,3.673133815692911,0.10765305394175156,-0.74396101587666297,0.058984800523308491,-0.6605248517019322,-0.74553501812967904,-0.016931410526247134,0.5236737157958179,0.11854589577658931,-0.22140461638123829,-0.11823461577523436
16.773456983910361,2.2515090006852208,0.43867795760842032,-0.082164612151721481,0.11283445933832667,-0.62605111010997416,-0.61056579649120946,0.13102606345190349,0.46776055041445797,0.0047095156196100742,-0.22243885463002158,-0.20185569338694886
16.3856994677055,2.8576968426955358,0.6771356977057239,-0.31785924019076472,0.21958416566929584,-0.31329601499262044,-0.3222480356275198,0.3028298816606339,0.47664503354798932,-0.1103971113033298,-0.17955498609213463,-0.13148396690294589
16.099727819405473,2.819629648700869,0.65118588113103526,-0.18900525867375792,0.34782590115961753,-0.25013366231493878,-0.32616498472818661,0.13919420639352545,0.511106829556502,0.0026171013669692668,-0.37965544570857995,-0.1612617072429654
15.668959592227699,2.3214982588535866,0.64969284529559579,0.012342842759068865,0.024352322478587096,-0.66999107683162962,-0.53978377084601914,-0.14635081129897612,0.20888546400022492,-0.15971349441580757,-0.38001637011546074,-0.28261042291830041
16.88284845657957,3.3932907020290237,0.50411553775835127,-0.11059080502834659,0.12771682273231874,-1.1430266545477952,-0.71115801623662867,0.25024942004436124,0.42626620275705224,-0.13540936106486842,-0.20842331425347999,-0.18879799498037259
15.925491049052159,2.8484909006953516,0.74084877260336934,-0.11322462351099709,-0.15349731668266334,-1.0317607816546071,-0.7449780889440063,0.084730560692093324,0.54583423323262548,0.15548227780264251,-0.14827794707754532,-0.2240127187396094
15.131423356760653,1.7831249343014484,0.63786869805630375,-0.10211890845384068,-0.23869571495830547,-0.6202898612463239,-0.42892220798317826,-0.033503910150024414,0.39012035054242145,0.17056044794442654,-0.037391159478311418,-0.18593436331522487
13.941501424525519,1.4584390061264767,0.40225992424047258,-0.33220387919147953,-0.35365592287446601,-0.73484986497089633,-0.53737130916462739,-0.39875523503513771,0.21993893277663262,-0.23626600346320262,-0.3148428555678634,-0.21811021266693587
15.371795031392322,2.1991856165781356,0.53295600958480571,-0.29449484087868194,-0.22254702128645765,-1.0019550923402298,-0.62057870668425719,0.063578945991680083,0.26309266025246653,-0.33357972974979549,-0.16794539715087303,-0.2112718093603759
15.42149556344137,2.3712066987838161,0.76038823209206796,-0.30071925927084125,-0.096678400169761092,-1.0853866629567672,-0.66395495405263938,0.20437145318282957,0.43585535777206635,-0.18846876952308389,-0.06913587947434495,-0.24276352113848695
14.696890360233057,2.4935371067314569,1.0273581119869897,-0.010596315570905446,-0.22647855647237045,-0.88891124027117163,-0.35191954802392117,-0.049350719177586148,0.48168498263444148,0.13183088644253141,-0.1098081335030458,-0.34207759501866625
14.724953966799934,2.2788549608962483,0.89043031762274161,-0.090123611994679803,-0.13076662732515046,-0.73840147226022257,-0.36211462367777253,-0.065908053675903008,0.33059697066685462,0.11115471794505562,0.048336053374812893,-0.079062910240803752
15.339095823893331,1.4953923101622297,1.1373831002351702,0.019248193670985236,-0.3790296829465159,-0.29963481152268739,-1.0301217083412564,0.43733526018426905,0.22220868746448602,0.0060210414467346488,0.10217808598840226,-0.38985668386031597
15.870818042642835,0.76405900063130661,1.0742932592693981,0.0031989939136692078,-0.74306894519223154,-0.13893719573075558,-1.177177038344162,0.70304017533501217,0.095862208361032097,0.074065884256960826,0.063203661071861761,-0.4995051291529044
14.808045394798867,1.0316877714164099,1.2073155337532879,-0.044827254825696265,-0.67912573546569244,-0.43988526799051814,-0.77077622170108673,0.30011590076490885,0.08695542494110918,0.19512792694022718,0.14831216173699857,-0.32213982597551888
14.057629608985529,1.1413310717049152,1.1609179135018006,0.14813587530744585,-0.63942603137817056,-0.40380074309594377,-0.40806250361603946,-0.072300631021017567,0.10683197590305013,0.024833640301938999,-0.011273489155092496,-0.36605093539074235
13.6121755467724,1.0086190689988019,1.038662629898421,0.056406048867804079,-0.47818932389888075,-0.64391588306319425,-0.73617879275408349,-0.1861459710982776,-0.049222553182361781,-0.09185625303035358,0.059551110133576578,-0.36219095358549802
13.523739061650831,0.90021333192252917,0.96257174217802621,0.11834637783807674,-0.30077924125157163,-0.69747826412445435,-0.39047768321145138,-0.022134510073045413,-0.0085720216441170869,-0.1938652340569185,0.0097145026276724885,-0.24264114327430406
13.585894404678021,1.0960378258909627,0.87511509991571568,0.26388244433410041,-0.21086889934478237,-0.57872545046149371,-0.25943712291228538,-0.32428545928447972,0.13231898430560682,-0.11746814684592639,-0.043949251738003167,-0.17299371167153244
13.507436312404197,1.1149601740507684,0.7892079916014384,0.22181663198146395,-0.12215783231790675,-0.45517936141431264,-0.15335957429255911,-0.25019653134566294,0.06339937821594227,-0.05190929671051512,0.11505257456460316,-0.23774388054749285
13.41695649543829,1.0946138086607999,1.1104955842236941,0.18439630801775458,-0.18480465776690211,-0.56857189563043109,-0.21712439628685207,-0.20104045651351754,0.19950420267695781,0.0032002189254628404,-0.069086279065429093,-0.283411739317109
13.104738266321505,1.0453689126557968,1.067531053480574,0.44032473877165401,-0.20662115839143713,-0.53134164179890397,-0.19657668682243556,-0.19806965431237189,0.23088023950157813,0.0073104310885500163,-0.15417842974197302,-0.38271062899352537
13.278809875867575,0.98099496893367599,0.82400279374137453,0.014767215968286347,-0.038712945163201881,-0.39590569190343455,-0.021626925956538184,-0.030693563397238017,0.12376064779194638,-0.11351275212597516,-0.12087111900842358,-0.21558120726054197
12.842688840996978,0.45059221931806698,0.36578752407264042,0.0040404679786266535,-0.13896950404897496,-0.53471361001144768,-0.13875362902550248,-0.12827589040569867,0.30584772784690084,0.045929358489247424,0.019468383043277245,-0.26553181095362072
12.760764983189835,0.67412300024550353,0.36598801934507685,-0.023265775023812281,-0.13202272104508841,-0.45372195845080843,-0.12048204425675459,-0.11817587978505148,0.27300689940619949,-0.17771968162127175,0.03935453255564305,-0.15607381200542511
12.891940758587053,0.64449731007917155,0.74146158787758853,0.20364082782393925,0.089653975308295789,-0.35967297347604887,-0.30532562226258081,-0.36838394987376816,0.084696431736042965,-0.24649289970172669,-0.044054904981765335,0.075794752930762835
12.651061595072163,0.44222177666013096,0.54075374334120796,0.11342664837287951,0.11942261648365468,-0.32773718799965162,-0.12848692290929778,-0.27035355839112446,0.03545942014861124,-0.21097588003145665,0.029832585260397088,-0.038593144913605153
12.943477250251924,0.79862200775606096,0.61739021344914014,0.16489258886286501,0.16023976598821524,-0.22530796021875818,0.040797302960883221,-0.26092520874904251,0.052704909516776741,-0.22586558526243181,-0.18053426495912794,-0.15948468678308511
12.731427048164623,0.76039272269929703,0.89744095661439693,0.23397950485453342,0.028894139358994327,-0.33952070018170272,0.19847735213048034,0.0030062223805709365,0.25318026485901812,-0.059532654228468297,-0.21636751536811349,-0.29273653460619004
12.636004187562346,0.69145175635498246,0.55108181939036016,0.2309471581861075,0.29537382593366013,-0.23974094830253637,0.24522437576273878,-0.12614295155165131,-0.087387299966707244,-0.2131778854221506,-0.041390440170073192,-0.16199899704327964
12.444852046699722,0.20704969589017025,0.42412688858702197,0.13889506520040734,0.10085385488613467,-0.23600288835559799,0.29164630928768143,-0.22938326266279394,-0.095951108056514439,-0.11686437811326532,0.020149709404824585,-0.17923298841226973
12.505265528727257,0.41814733573739471,0.57285863038454732,0.10088051666970303,0.14586563318811402,-0.1512955446729996,0.12650518438738514,-0.35445492362343861,0.048135498935862948,-0.070610401292458089,0.10134271124832465,-0.11453723820351536
12.60635205460621,0.032091553602104098,0.59706092816475287,0.32475841954408063,0.39480835745949638,-0.22633056659420836,-0.051853464520846562,-0.19250653385014779,0.0022151896929596656,-0.071293408219564772,-0.09299763005244352,-0.26660763290398753
13.264770006425039,-0.50076101337739132,0.91335112803642027,0.33294246269768724,0.28087789682649122,0.21903840165759242,-0.36003767440974593,0.27570608707156652,-0.098227237024650332,-0.023902617382256453,-0.21144317316217986,-0.14719124961296193
13.094355033452651,-0.21733641097870077,0.95882443656352145,0.24756368035878204,0.23566579403251522,0.33501659121969202,0.037491312387827519,0.31972932527518094,-0.26389851826585392,-0.096570856901221955,-0.24588677549547028,-0.22184490847957933
12.630948928161741,0.10264764482091901,0.62001913765903593,0.27256454704471511,0.37034134115414902,-0.0096398085071708172,0.0504516401091641,-0.057273914853728632,-0.029095055109810083,-0.11539031573422003,-0.19039298097849086,-0.36649161393796492
12.7569009999921,0.13095578906920649,0.50102903071424221,0.18089184922150772,0.19109023679349732,-0.24662001479885673,-0.33312217337823974,-0.31515487902092704,-0.074072639542794111,-0.19512772479780166,-0.26326545432223969,-0.2076485265171378
12.3251897736535,0.12692644100020758,0.61064700414660844,0.42700925215778279,0.4615372332702371,0.016695286102628423,0.031401110471769689,-0.43265696458069414,-0.38207330449486798,-0.37973447429210955,-0.15946851123045072,-0.016281008816826408
12.450684679912719,0.2403791105223487,0.54621156592676567,0.40721728886924707,0.40908107699533308,-0.23168664077874232,0.056625613156946822,-0.30335369077521018,-0.075653209402207169,-0.25524718259128693,0.063594926556129347,0.075860732529360916
12.41511286682929,0.050212815400161058,0.47246432653716369,0.36507376910350747,0.31870483638574243,-0.13113288215970012,0.17732664757918207,-0.20172694905005595,0.0031970382149183172,-0.31432853665735144,-0.07334717804762847,0.057489027016947788
12.273092631628669,0.011846413256568907,0.44119285225236143,0.21535604955571336,0.3919251341373447,-0.15994695191610964,0.1558816530962826,-0.20125440769877831,-0.018018016101127934,-0.45970941997637982,-0.21717220524879302,-0.2229645034185978
11.965204358657775,-0.23466419852376957,0.018988283920846498,-0.08311898159702287,0.088448022206891991,-0.072551529950276208,0.14587543029750949,-0.051814046149015955,0.39070877343659821,0.055851621143145992,0.22702818163830454,-0.15274528424218761
12.479366227476755,0.21872449376047109,0.41084691469082374,0.16382453842879457,0.39058070833494507,-0.13765644803806015,0.099124837326307752,-0.28714458826259848,-0.088405508650865647,-0.37874629375888719,-0.10904293790005502,-0.13575427198981727
12.374121165967901,0.20397444177667193,0.39506302258382464,0.38655180470124684,0.36025576131466835,-0.29603721824151552,0.12815070039992721,-0.3281695190290117,-0.080158495377582462,-0.43541344922164144,-0.08015568946299037,0.078042915151716033
12.003667284491932,0.062230402955569072,0.51029508676501256,0.31702515456008312,0.30204496162915767,-0.25549618155306947,0.090951785052943171,-0.10825664252523541,-0.057748277991355033,-0.46708719401723747,-0.26558882847523613,-0.32854419922771771
12.442586066065871,0.095500962589224109,0.23750023592612929,0.02157934761565319,0.16770537112435643,-0.33617992795906365,-0.093538120465973706,-0.52261691059152549,-0.25724418934014931,-0.51849531477429367,-0.18938163667392532,-0.16407345079025223
12.501095034367777,0.18870085768193035,0.4596673088136336,0.212049828817472,0.35168322203409719,-0.11386195073415484,0.23519676669590239,-0.20142800627043672,-0.17132665329315322,-0.37795092758799609,-0.10840932578745176,-0.13276971194904272
12.405974708685461,0.12781155547967987,0.30122717294517343,0.098901866871032224,0.32748865249565556,-0.21935371953818589,0.13498844038914687,0.020430219634484059,0.16101003477270501,-0.013608585005173458,0.039285754087939648,-0.041392147693308533
11.919922568674911,-0.33574748151910921,0.16805862635306265,0.16053200499444234,0.27842375042761247,-0.30371948343510546,-0.021058995176563632,-0.05589547129853948,0.19095259333388789,-0.03501501862916976,0.1482140453802917,0.19098978179524731
12.535976994960963,0.2777864338758721,0.31989426369756185,-0.014408724249979774,0.11718625914466808,-0.50236997394614002,-0.29005529363695148,-0.21868096605415546,0.20065401151044215,-0.20900477866697553,-0.1630738497191814,-0.054512595188025002
12.239535897038788,-0.08870372146086844,0.37335769710585975,0.047345372895970128,0.029194446329117489,-0.48630594091486135,-0.26102954396470412,-0.43988628020735687,-0.16427246453750657,-0.54978730121252006,-0.27224576047324905,-0.13474487374132105
12.346306047286971,0.05069554163554018,0.14396567146653813,0.24977540636687365,0.49679258281359501,-0.13278258797076753,-0.042701021582908033,-0.099639323273823271,0.057605985677332786,-0.39884529004710945,-0.30728590806538447,-0.24309191673144318
12.486887119109033,0.060566773522167008,0.12959699380123188,0.08079481075214455,0.49383743421446979,-0.15637169459913841,-0.17679526621986047,-0.2431655656785158,0.0039527762154303531,-0.22471859019988524,-0.04661855739449134,-0.14955752659916485
12.146448326924512,0.14760376723548752,0.53400440458946929,0.19337929104571258,0.25837508048073277,-0.20167212584190952,0.19443107878826901,-0.18343839270649767,0.063636520134316671,-0.16385658453388274,-0.051706350902195504,-0.19181640887268095
12.050170605733284,-0.032118067597076999,0.48409100621037299,0.42249998229084501,0.33965831875049163,-0.099346586440865733,0.2781725486598971,-0.17265429156582277,-0.087280915958859839,-0.19050024630619539,-0.0082713282775135899,-0.16710865844311987
12.113738197395342,-0.16736542636709839,0.15844408936912485,0.18790738410538377,0.15679094259549575,-0.11208404853252099,0.036106581861284959,-0.085008411903775047,0.48480631886417397,0.08551838161972089,0.055528086375438608,0.0064186457133411264
12.136836439630454,-0.06846054129542703,0.071005051281733442,-0.013381109664679857,0.16419604405146759,-0.21516191437208512,0.0096738290118838759,-0.21954110357716694,0.15000741906389661,-0.21154620776881863,0.019164632625536932,-0.017923347732837654
12.172392741020168,-0.081912128512404661,0.097366586663054214,0.0092507110753376441,0.29300296450360486,-0.036153294949807624,0.046617806682869724,-0.15770979978913083,0.24338465964768979,-0.067100808963479766,-0.17254505000870654,-0.053773202284583009
12.099867898548929,-0.060300021287830824,0.24636941107781252,0.21408523267151519,0.44986497621156141,0.13755048135990441,0.35814921501110475,-0.10026683487926132,0.13736496078299962,-0.13224038871664451,-0.04084582167315931,-0.12452896206404343
12.128438579096954,-0.21627136682107448,0.3299915653864125,0.1870016508850279,0.20136723967904296,-0.20159427066403374,0.12470864155130955,-0.18207721758467513,0.059797993416030447,-0.026324603935029174,0.27299980803626633,0.065675095171918843
12.023311364179698,-0.44236737108341589,0.011469439468482178,-0.035042503993824012,-0.13243067636400485,-0.36627240675371359,-0.10839046219781316,-0.24710117911572482,0.19544097982647701,0.13807406550308526,0.29456012877861598,0.012993878654438377
11.925641005135194,-0.25338416569494437,-0.033465388700025189,-0.20354413325071988,-0.10009759799001959,-0.28130841735060996,-0.074076899887350597,-0.34200233075585351,-0.15182298752274176,-0.43947457590620809,-0.018809350845751124,-0.014855762162512783
11.901404476087077,-0.35725519446817211,-0.040690927628896263,0.079180078350898991,0.27905392232613335,-0.29252345714618644,0.15688747642984138,-0.19746917244064238,0.0045348748297638465,-0.36549328662508684,-0.19449963861583894,-0.080163506547098931
11.98475374784935,-0.26353641132496686,0.30951520543567312,0.23717185807564409,0.17182927249708269,-0.33809273542446122,-0.080387947225555298,-0.25897210565978634,0.03545141436476526,-0.21028723674554056,-0.18843422783077582,-0.13992863360673555
11.96227793835464,-0.17037489925624399,0.44159906010783179,-0.08248233893195013,0.068328105825318869,-0.24899586774367574,0.069431253704562906,-0.3753139039673743,-0.00016990423226549876,-0.32662537725957619,-0.15779270344611568,0.17772722026404816
12.036039529479149,-0.20062244039587876,0.18441366943458914,0.062825601193935557,0.31162234213023804,-0.047754769736910375,0.20228345346694016,-0.21071185780415505,-0.00040284386013087381,-0.31748180530706749,-0.15555642232436595,-0.12827494940486456
11.884024334324334,-0.32584311883687667,-0.033816426561387822,0.083892804469186955,0.44938713844276335,-0.02238625023043532,0.11088502224380431,-0.20393887044316689,-0.032141951004896044,-0.26995288913197946,0.12209454412905978,-0.024769887226765049
